,신고자명,구분,URL,비고(특이사항 등)
0,윤이삭,불법거래,https://twitter.com/ysppappa15,트위터
1,윤이삭,불법거래,https://twitter.com/BBtZlFV8Mypm2KW,트위터
2,윤이삭,불법거래,https://twitter.com/36deR1BVAhK07rq,트위터
3,윤이삭,불법거래,https://twitter.com/zbhunter1,트위터
4,윤이삭,불법거래,https://twitter.com/CharlesHa071,트위터
5,윤이삭,불법거래,https://twitter.com/plTnuS9KicF3Nar,트위터
6,윤이삭,불법거래,https://twitter.com/yErFelTPBH4GwvZ,트위터
7,윤이삭,불법거래,https://twitter.com/yuraFC8ZrH2NeHi,트위터
8,윤이삭,불법거래,https://twitter.com/kumpa7,트위터
9,윤이삭,불법거래,https://twitter.com/90NHHP9Y1RDvUlL,트위터
